bird,session,pair,time,time_diff,resp_RI,resp_RR,reward_RI,reward_RR,time_since_last_reward_RI,time_since_last_reward_RR,visit_lenght_response_RI,visit_lenght_response_RR,responses_before_reward_RI,responses_before_reward_RR,visit_lenght_time_RI,visit_lenght_time_RR
P168,S79,8,0.0,0.0,0,0,0,0,0.0,0.0,0,0.0,0,0,0.0,0.0
P168,S79,8,1931.84,1931.84,1,0,0,0,1931.84,1931.84,0,0.0,1,0,0.0,0.0
P168,S79,8,1932.3,0.4600000000000364,1,0,0,0,1932.3,1932.3,1,0.0,2,0,0.4600000000000364,0.0
P168,S79,8,1932.67,0.37000000000011823,1,0,0,0,1932.67,1932.67,2,0.0,3,0,0.8300000000001546,0.0
P168,S79,8,1935.06,2.3899999999998727,0,1,0,0,1935.06,1935.06,0,0.0,3,1,0.0,0.0
P168,S79,8,1935.27,0.21000000000003638,0,1,0,0,1935.27,1935.27,0,1.0,3,2,0.0,1.2100000000000364
P168,S79,8,1935.47,0.20000000000004547,0,1,0,0,1935.47,1935.47,0,2.2100000000000364,3,3,0.0,2.410000000000082
P168,S79,8,1935.56,0.08999999999991815,0,1,0,0,1935.56,1935.56,0,3.410000000000082,3,4,0.0,3.5
P168,S79,8,1935.66,0.10000000000013642,0,1,0,0,1935.66,1935.66,0,4.5,3,5,0.0,4.600000000000136
P168,S79,8,1935.76,0.09999999999990905,0,1,0,0,1935.76,1935.76,0,5.600000000000136,3,6,0.0,5.7000000000000455
P168,S79,8,1935.85,0.08999999999991815,0,1,0,0,1935.85,1935.85,0,6.7000000000000455,3,7,0.0,6.789999999999964
P168,S79,8,1936.38,0.5300000000002001,0,1,0,0,1936.38,1936.38,0,7.789999999999964,3,8,0.0,8.320000000000164
P168,S79,8,1936.94,0.5599999999999454,0,1,0,0,1936.94,1936.94,0,9.320000000000164,3,9,0.0,9.88000000000011
P168,S79,8,1937.29,0.34999999999990905,0,1,0,0,1937.29,1937.29,0,10.88000000000011,3,10,0.0,11.230000000000018
P168,S79,8,1937.82,0.5299999999999727,0,1,0,0,1937.82,1937.82,0,12.230000000000018,3,11,0.0,12.759999999999991
P168,S79,8,1937.91,0.09000000000014552,0,1,0,0,1937.91,1937.91,0,13.759999999999991,3,12,0.0,13.850000000000136
P168,S79,8,1938.31,0.3999999999998636,0,1,0,0,1938.31,1938.31,0,14.850000000000136,3,13,0.0,15.25
P168,S79,8,1938.46,0.15000000000009095,0,1,0,0,1938.46,1938.46,0,16.25,3,14,0.0,16.40000000000009
P168,S79,8,1938.7,0.2400000000000091,0,1,0,0,1938.7,1938.7,0,17.40000000000009,3,15,0.0,17.6400000000001
P168,S79,8,1938.9,0.20000000000004547,0,1,0,0,1938.9,1938.9,0,18.6400000000001,3,16,0.0,18.840000000000146
P168,S79,8,1938.98,0.07999999999992724,0,1,0,0,1938.98,1938.98,0,19.840000000000146,3,17,0.0,19.920000000000073
P168,S79,8,1939.47,0.4900000000000091,0,1,0,0,1939.47,1939.47,0,20.920000000000073,3,18,0.0,21.410000000000082
P168,S79,8,1939.56,0.08999999999991815,0,1,0,0,1939.56,1939.56,0,22.410000000000082,3,19,0.0,22.5
P168,S79,8,1939.67,0.11000000000012733,0,1,0,0,1939.67,1939.67,0,23.5,3,20,0.0,23.610000000000127
P168,S79,8,1940.34,0.6699999999998454,0,1,0,0,1940.34,1940.34,0,24.610000000000127,3,21,0.0,25.279999999999973
P168,S79,8,1940.71,0.37000000000011823,0,1,0,0,1940.71,1940.71,0,26.279999999999973,3,22,0.0,26.65000000000009
P168,S79,8,1940.81,0.09999999999990905,0,1,0,0,1940.81,1940.81,0,27.65000000000009,3,23,0.0,27.75
P168,S79,8,1941.18,0.37000000000011823,0,1,0,0,1941.18,1941.18,0,28.75,3,24,0.0,29.12000000000012
P168,S79,8,1941.37,0.1899999999998272,0,1,0,0,1941.37,1941.37,0,30.12000000000012,3,25,0.0,30.309999999999945
P168,S79,8,1941.51,0.14000000000010004,0,1,0,0,1941.51,1941.51,0,31.309999999999945,3,26,0.0,31.450000000000045
P168,S79,8,1941.61,0.09999999999990905,0,1,0,0,1941.61,1941.61,0,32.450000000000045,3,27,0.0,32.549999999999955
P168,S79,8,1942.15,0.540000000000191,0,1,0,0,1942.15,1942.15,0,33.549999999999955,3,28,0.0,34.090000000000146
P168,S79,8,1943.98,1.8299999999999272,1,0,0,0,1943.98,1943.98,0,0.0,4,28,0.8300000000001546,0.0
P168,S79,8,1944.61,0.6299999999998818,1,0,0,0,1944.61,1944.61,1,0.0,5,28,1.4600000000000364,0.0
P168,S79,8,1945.03,0.42000000000007276,1,0,0,0,1945.03,1945.03,2,0.0,6,28,1.8800000000001091,0.0
P168,S79,8,1947.97,2.9400000000000546,0,1,0,0,1947.97,1947.97,0,0.0,6,29,0.0,0.0
P168,S79,8,1948.12,0.14999999999986358,0,1,0,0,1948.12,1948.12,0,1.0,6,30,0.0,1.1499999999998636
P168,S79,8,1948.2,0.08000000000015461,0,1,0,0,1948.2,1948.2,0,2.1499999999998636,6,31,0.0,2.230000000000018
P168,S79,8,1948.55,0.34999999999990905,0,1,0,0,1948.55,1948.55,0,3.230000000000018,6,32,0.0,3.5799999999999272
P168,S79,8,1948.63,0.08000000000015461,0,1,0,0,1948.63,1948.63,0,4.579999999999927,6,33,0.0,4.660000000000082
P168,S79,8,1948.95,0.31999999999993634,0,1,0,0,1948.95,1948.95,0,5.660000000000082,6,34,0.0,5.980000000000018
P168,S79,8,1949.3,0.34999999999990905,0,1,0,0,1949.3,1949.3,0,6.980000000000018,6,35,0.0,7.329999999999927
P168,S79,8,1949.4,0.10000000000013642,0,1,0,0,1949.4,1949.4,0,8.329999999999927,6,36,0.0,8.430000000000064
P168,S79,8,1949.48,0.07999999999992724,0,1,0,0,1949.48,1949.48,0,9.430000000000064,6,37,0.0,9.509999999999991
P168,S79,8,1949.58,0.09999999999990905,0,1,0,0,1949.58,1949.58,0,10.509999999999991,6,38,0.0,10.6099999999999
P168,S79,8,1949.58,0.09999999999990905,0,1,0,1,1949.6799999999998,0.0,0,11.6099999999999,6,0,0.0,0.09999999999990905
P168,S79,8,1955.49,5.910000000000082,0,1,0,0,1955.59,5.910000000000082,0,0.0,6,1,0.0,0.0
P168,S79,8,1955.84,0.34999999999990905,0,1,0,0,1955.9399999999998,6.259999999999991,0,1.0,6,2,0.0,1.349999999999909
P168,S79,8,1955.92,0.08000000000015461,0,1,0,0,1956.02,6.3400000000001455,0,2.349999999999909,6,3,0.0,2.4300000000000637
P168,S79,8,1956.03,0.10999999999989996,0,1,0,0,1956.1299999999999,6.4500000000000455,0,3.4300000000000637,6,4,0.0,3.5399999999999636
P168,S79,8,1956.11,0.07999999999992724,0,1,0,0,1956.2099999999998,6.529999999999973,0,4.539999999999964,6,5,0.0,4.619999999999891
P168,S79,8,1956.25,0.14000000000010004,0,1,0,0,1956.35,6.670000000000073,0,5.619999999999891,6,6,0.0,5.759999999999991
P168,S79,8,1956.73,0.4800000000000182,0,1,0,0,1956.83,7.150000000000091,0,6.759999999999991,6,7,0.0,7.240000000000009
P168,S79,8,1957.09,0.35999999999989996,0,1,0,0,1957.1899999999998,7.509999999999991,0,8.240000000000009,6,8,0.0,8.599999999999909
P168,S79,8,1957.19,0.10000000000013642,0,1,0,0,1957.29,7.610000000000127,0,9.599999999999909,6,9,0.0,9.700000000000045
P168,S79,8,1957.61,0.4199999999998454,0,1,0,0,1957.7099999999998,8.029999999999973,0,10.700000000000045,6,10,0.0,11.11999999999989
P168,S79,8,1957.97,0.36000000000012733,0,1,0,0,1958.07,8.3900000000001,0,12.11999999999989,6,11,0.0,12.480000000000018
P168,S79,8,1958.07,0.09999999999990905,0,1,0,0,1958.1699999999998,8.490000000000009,0,13.480000000000018,6,12,0.0,13.579999999999927
P168,S79,8,1958.26,0.19000000000005457,0,1,0,0,1958.36,8.680000000000064,0,14.579999999999927,6,13,0.0,14.769999999999982
P168,S79,8,1958.94,0.6800000000000637,0,1,0,0,1959.04,9.360000000000127,0,15.769999999999982,6,14,0.0,16.450000000000045
P168,S79,8,1959.06,0.11999999999989086,0,1,0,0,1959.1599999999999,9.480000000000018,0,17.450000000000045,6,15,0.0,17.569999999999936
P168,S79,8,1959.14,0.08000000000015461,0,1,0,0,1959.24,9.560000000000173,0,18.569999999999936,6,16,0.0,18.65000000000009
P168,S79,8,1959.26,0.11999999999989086,0,1,0,0,1959.36,9.680000000000064,0,19.65000000000009,6,17,0.0,19.769999999999982
P168,S79,8,1959.71,0.4500000000000455,0,1,0,0,1959.81,10.13000000000011,0,20.769999999999982,6,18,0.0,21.220000000000027
P168,S79,8,1960.02,0.30999999999994543,0,1,0,0,1960.12,10.440000000000055,0,22.220000000000027,6,19,0.0,22.529999999999973
P168,S79,8,1960.28,0.2599999999999909,0,1,0,0,1960.3799999999999,10.700000000000045,0,23.529999999999973,6,20,0.0,23.789999999999964
P168,S79,8,1962.37,2.089999999999918,1,0,0,0,1962.4699999999998,12.789999999999964,0,0.0,7,20,0.0,0.0
P168,S79,8,1962.69,0.3200000000001637,1,0,0,0,1962.79,13.110000000000127,1,0.0,8,20,0.3200000000001637,0.0
P168,S79,8,1963.14,0.4500000000000455,1,0,0,0,1963.24,13.560000000000173,2,0.0,9,20,0.7700000000002092,0.0
P168,S79,8,1963.58,0.4399999999998272,1,0,0,0,1963.6799999999998,14.0,3,0.0,10,20,1.2100000000000364,0.0
P168,S79,8,1963.67,0.09000000000014552,1,0,0,0,1963.77,14.090000000000146,4,0.0,11,20,1.300000000000182,0.0
P168,S79,8,1967.09,3.4199999999998454,0,1,0,0,1967.1899999999998,17.50999999999999,0,0.0,11,21,0.0,0.0
P168,S79,8,1967.2,0.11000000000012733,0,1,0,0,1967.3,17.62000000000012,0,1.0,11,22,0.0,1.1100000000001273
P168,S79,8,1967.31,0.10999999999989996,0,1,0,0,1967.4099999999999,17.730000000000018,0,2.1100000000001273,11,23,0.0,2.2200000000000273
P168,S79,8,1967.4,0.09000000000014552,0,1,0,0,1967.5,17.820000000000164,0,3.2200000000000273,11,24,0.0,3.310000000000173
P168,S79,8,1967.75,0.34999999999990905,0,1,0,0,1967.85,18.170000000000073,0,4.310000000000173,11,25,0.0,4.660000000000082
P168,S79,8,1967.83,0.07999999999992724,0,1,0,0,1967.9299999999998,18.25,0,5.660000000000082,11,26,0.0,5.740000000000009
P168,S79,8,1968.25,0.42000000000007276,0,1,0,0,1968.35,18.670000000000073,0,6.740000000000009,11,27,0.0,7.160000000000082
P168,S79,8,1968.38,0.13000000000010914,0,1,0,0,1968.48,18.800000000000182,0,8.160000000000082,11,28,0.0,8.290000000000191
P168,S79,8,1968.57,0.1899999999998272,0,1,0,0,1968.6699999999998,18.99000000000001,0,9.290000000000191,11,29,0.0,9.480000000000018
P168,S79,8,1968.67,0.10000000000013642,0,1,0,0,1968.77,19.090000000000146,0,10.480000000000018,11,30,0.0,10.580000000000155
P168,S79,8,1968.78,0.10999999999989996,0,1,0,0,1968.8799999999999,19.200000000000045,0,11.580000000000155,11,31,0.0,11.690000000000055
P168,S79,8,1968.9,0.12000000000011823,0,1,0,0,1969.0,19.320000000000164,0,12.690000000000055,11,32,0.0,12.810000000000173
P168,S79,8,1968.99,0.08999999999991815,0,1,0,0,1969.09,19.410000000000082,0,13.810000000000173,11,33,0.0,13.900000000000091
P168,S79,8,1969.49,0.5,0,1,0,0,1969.59,19.910000000000082,0,14.900000000000091,11,34,0.0,15.400000000000091
P168,S79,8,1969.78,0.2899999999999636,0,1,0,0,1969.8799999999999,20.200000000000045,0,16.40000000000009,11,35,0.0,16.690000000000055
P168,S79,8,1969.85,0.06999999999993634,0,1,0,0,1969.9499999999998,20.269999999999982,0,17.690000000000055,11,36,0.0,17.75999999999999
P168,S79,8,1970.59,0.7400000000000091,0,1,0,0,1970.6899999999998,21.00999999999999,0,18.75999999999999,11,37,0.0,19.5
P168,S79,8,1970.67,0.08000000000015461,0,1,0,0,1970.77,21.090000000000146,0,20.5,11,38,0.0,20.580000000000155
P168,S79,8,1972.96,2.2899999999999636,1,0,0,0,1973.06,23.38000000000011,0,0.0,12,38,1.300000000000182,0.0
P168,S79,8,1973.39,0.43000000000006366,1,0,0,0,1973.49,23.810000000000173,1,0.0,13,38,1.7300000000002456,0.0
P168,S79,8,1973.69,0.2999999999999545,1,0,0,0,1973.79,24.110000000000127,2,0.0,14,38,2.0300000000002,0.0
P168,S79,8,1973.69,0.2999999999999545,1,0,1,0,0.0,24.410000000000082,3,0.0,0,38,0.2999999999999545,0.0
P168,S79,8,1973.79,0.09999999999990905,1,0,0,0,0.09999999999990905,24.50999999999999,0,0.0,1,38,0.2999999999999545,0.0
P168,S79,8,1978.46,4.670000000000073,1,0,0,0,4.769999999999982,29.180000000000064,1,0.0,2,38,4.970000000000027,0.0
P168,S79,8,1979.03,0.5699999999999363,1,0,0,0,5.339999999999918,29.75,2,0.0,3,38,5.539999999999964,0.0
P168,S79,8,1979.42,0.39000000000010004,1,0,0,0,5.730000000000018,30.1400000000001,3,0.0,4,38,5.930000000000064,0.0
P168,S79,8,1979.42,0.39000000000010004,1,0,1,0,0.0,30.5300000000002,4,0.0,0,38,0.39000000000010004,0.0
P168,S79,8,1979.51,0.08999999999991815,1,0,0,0,0.08999999999991815,30.62000000000012,0,0.0,1,38,0.39000000000010004,0.0
P168,S79,8,1984.36,4.849999999999909,1,0,0,0,4.939999999999827,35.47000000000003,1,0.0,2,38,5.240000000000009,0.0
P168,S79,8,1984.79,0.43000000000006366,1,0,0,0,5.369999999999891,35.90000000000009,2,0.0,3,38,5.670000000000073,0.0
P168,S79,8,1985.36,0.5699999999999363,1,0,0,0,5.939999999999827,36.47000000000003,3,0.0,4,38,6.240000000000009,0.0
P168,S79,8,1985.89,0.5300000000002001,1,0,0,0,6.470000000000027,37.00000000000023,4,0.0,5,38,6.770000000000209,0.0
P168,S79,8,1987.34,1.449999999999818,0,1,0,0,7.919999999999845,38.450000000000045,0,0.0,5,39,0.0,0.0
P168,S79,8,1987.74,0.40000000000009095,0,1,0,0,8.319999999999936,38.850000000000136,0,1.0,5,40,0.0,1.400000000000091
P168,S79,8,1988.06,0.31999999999993634,0,1,0,0,8.639999999999873,39.17000000000007,0,2.400000000000091,5,41,0.0,2.7200000000000273
P168,S79,8,1988.27,0.21000000000003638,0,1,0,0,8.849999999999909,39.38000000000011,0,3.7200000000000273,5,42,0.0,3.9300000000000637
P168,S79,8,1988.45,0.18000000000006366,0,1,0,0,9.029999999999973,39.56000000000017,0,4.930000000000064,5,43,0.0,5.110000000000127
P168,S79,8,1988.79,0.33999999999991815,0,1,0,0,9.36999999999989,39.90000000000009,0,6.110000000000127,5,44,0.0,6.4500000000000455
P168,S79,8,1989.24,0.4500000000000455,0,1,0,0,9.819999999999936,40.350000000000136,0,7.4500000000000455,5,45,0.0,7.900000000000091
P168,S79,8,1989.67,0.43000000000006366,0,1,0,0,10.25,40.7800000000002,0,8.900000000000091,5,46,0.0,9.330000000000155
P168,S79,8,1989.75,0.07999999999992724,0,1,0,0,10.329999999999927,40.86000000000013,0,10.330000000000155,5,47,0.0,10.410000000000082
P168,S79,8,1989.88,0.13000000000010914,0,1,0,0,10.460000000000036,40.99000000000024,0,11.410000000000082,5,48,0.0,11.540000000000191
P168,S79,8,1990.18,0.2999999999999545,0,1,0,0,10.759999999999991,41.29000000000019,0,12.540000000000191,5,49,0.0,12.840000000000146
P168,S79,8,1990.28,0.09999999999990905,0,1,0,0,10.8599999999999,41.3900000000001,0,13.840000000000146,5,50,0.0,13.940000000000055
P168,S79,8,1990.43,0.15000000000009095,0,1,0,0,11.009999999999991,41.54000000000019,0,14.940000000000055,5,51,0.0,15.090000000000146
P168,S79,8,1990.43,0.15000000000009095,0,1,0,1,11.160000000000082,0.0,0,16.090000000000146,5,0,0.0,0.15000000000009095
P168,S79,8,1995.61,5.179999999999836,0,1,0,0,16.339999999999918,5.179999999999836,0,0.0,5,1,0.0,0.0
P168,S79,8,1996.03,0.42000000000007276,0,1,0,0,16.75999999999999,5.599999999999909,0,1.0,5,2,0.0,1.4200000000000728
P168,S79,8,1996.13,0.10000000000013642,0,1,0,0,16.860000000000127,5.7000000000000455,0,2.4200000000000728,5,3,0.0,2.520000000000209
P168,S79,8,1996.36,0.22999999999979082,0,1,0,0,17.089999999999918,5.929999999999836,0,3.520000000000209,5,4,0.0,3.75
P168,S79,8,1996.5,0.14000000000010004,0,1,0,0,17.230000000000018,6.069999999999936,0,4.75,5,5,0.0,4.8900000000001
P168,S79,8,1996.61,0.10999999999989996,0,1,0,0,17.339999999999918,6.179999999999836,0,5.8900000000001,5,6,0.0,6.0
P168,S79,8,1996.75,0.14000000000010004,0,1,0,0,17.480000000000018,6.319999999999936,0,7.0,5,7,0.0,7.1400000000001
P168,S79,8,1997.14,0.39000000000010004,0,1,0,0,17.87000000000012,6.710000000000036,0,8.1400000000001,5,8,0.0,8.5300000000002
P168,S79,8,1997.51,0.36999999999989086,0,1,0,0,18.24000000000001,7.079999999999927,0,9.5300000000002,5,9,0.0,9.900000000000091
P168,S79,8,1997.82,0.30999999999994543,0,1,0,0,18.549999999999955,7.389999999999873,0,10.900000000000091,5,10,0.0,11.210000000000036
P168,S79,8,1997.91,0.09000000000014552,0,1,0,0,18.6400000000001,7.480000000000018,0,12.210000000000036,5,11,0.0,12.300000000000182
P168,S79,8,1998.26,0.34999999999990905,0,1,0,0,18.99000000000001,7.829999999999927,0,13.300000000000182,5,12,0.0,13.650000000000091
P168,S79,8,1998.37,0.10999999999989996,0,1,0,0,19.09999999999991,7.939999999999827,0,14.650000000000091,5,13,0.0,14.759999999999991
P168,S79,8,1998.56,0.19000000000005457,0,1,0,0,19.289999999999964,8.129999999999882,0,15.759999999999991,5,14,0.0,15.950000000000045
P168,S79,8,1999.06,0.5,0,1,0,0,19.789999999999964,8.629999999999882,0,16.950000000000045,5,15,0.0,17.450000000000045
P168,S79,8,1999.22,0.16000000000008185,0,1,0,0,19.950000000000045,8.789999999999964,0,18.450000000000045,5,16,0.0,18.610000000000127
P168,S79,8,2000.24,1.0199999999999818,0,1,0,0,20.970000000000027,9.809999999999945,0,19.610000000000127,5,17,0.0,20.63000000000011
P168,S79,8,2000.54,0.2999999999999545,0,1,0,0,21.269999999999982,10.1099999999999,0,21.63000000000011,5,18,0.0,21.930000000000064
P168,S79,8,2000.66,0.12000000000011823,0,1,0,0,21.3900000000001,10.230000000000018,0,22.930000000000064,5,19,0.0,23.050000000000182
P168,S79,8,2001.07,0.4099999999998545,0,1,0,0,21.799999999999955,10.639999999999873,0,24.050000000000182,5,20,0.0,24.460000000000036
P168,S79,8,2001.39,0.3200000000001637,0,1,0,0,22.12000000000012,10.960000000000036,0,25.460000000000036,5,21,0.0,25.7800000000002
P168,S79,8,2001.47,0.07999999999992724,0,1,0,0,22.200000000000045,11.039999999999964,0,26.7800000000002,5,22,0.0,26.860000000000127
P168,S79,8,2001.87,0.3999999999998636,0,1,0,0,22.59999999999991,11.439999999999827,0,27.860000000000127,5,23,0.0,28.25999999999999
P168,S79,8,2004.7,2.8300000000001546,1,0,0,0,25.430000000000064,14.269999999999982,0,0.0,6,23,0.0,0.0
P168,S79,8,2005.0,0.2999999999999545,1,0,0,0,25.730000000000018,14.569999999999936,1,0.0,7,23,0.2999999999999545,0.0
P168,S79,8,2005.11,0.10999999999989996,1,0,0,0,25.839999999999918,14.679999999999836,2,0.0,8,23,0.4099999999998545,0.0
P168,S79,8,2005.41,0.3000000000001819,1,0,0,0,26.1400000000001,14.980000000000018,3,0.0,9,23,0.7100000000000364,0.0
P168,S79,8,2005.41,0.3000000000001819,1,0,1,0,0.0,15.2800000000002,4,0.0,0,23,0.3000000000001819,0.0
P168,S79,8,2009.78,4.369999999999891,1,0,0,0,4.369999999999891,19.65000000000009,0,0.0,1,23,0.3000000000001819,0.0
P168,S79,8,2010.51,0.7300000000000182,1,0,0,0,5.099999999999909,20.38000000000011,1,0.0,2,23,1.0300000000002,0.0
P168,S79,8,2010.61,0.09999999999990905,1,0,0,0,5.199999999999818,20.480000000000018,2,0.0,3,23,1.1300000000001091,0.0
P168,S79,8,2010.9,0.290000000000191,1,0,0,0,5.490000000000009,20.77000000000021,3,0.0,4,23,1.4200000000003001,0.0
P168,S79,8,2011.02,0.11999999999989086,1,0,0,0,5.6099999999999,20.8900000000001,4,0.0,5,23,1.540000000000191,0.0
P168,S79,8,2013.45,2.4300000000000637,0,1,0,0,8.039999999999964,23.320000000000164,0,0.0,5,24,0.0,0.0
P168,S79,8,2013.68,0.2300000000000182,0,1,0,0,8.269999999999982,23.550000000000182,0,1.0,5,25,0.0,1.2300000000000182
P168,S79,8,2013.91,0.2300000000000182,0,1,0,0,8.5,23.7800000000002,0,2.230000000000018,5,26,0.0,2.4600000000000364
P168,S79,8,2014.01,0.09999999999990905,0,1,0,0,8.599999999999909,23.88000000000011,0,3.4600000000000364,5,27,0.0,3.5599999999999454
P168,S79,8,2014.35,0.33999999999991815,0,1,0,0,8.939999999999827,24.220000000000027,0,4.559999999999945,5,28,0.0,4.899999999999864
P168,S79,8,2014.82,0.4700000000000273,0,1,0,0,9.409999999999854,24.690000000000055,0,5.899999999999864,5,29,0.0,6.369999999999891
P168,S79,8,2014.9,0.08000000000015461,0,1,0,0,9.490000000000009,24.77000000000021,0,7.369999999999891,5,30,0.0,7.4500000000000455
P168,S79,8,2015.27,0.36999999999989086,0,1,0,0,9.8599999999999,25.1400000000001,0,8.450000000000045,5,31,0.0,8.819999999999936
P168,S79,8,2015.73,0.4600000000000364,0,1,0,0,10.319999999999936,25.600000000000136,0,9.819999999999936,5,32,0.0,10.279999999999973
P168,S79,8,2016.27,0.5399999999999636,0,1,0,0,10.8599999999999,26.1400000000001,0,11.279999999999973,5,33,0.0,11.819999999999936
P168,S79,8,2016.59,0.31999999999993634,0,1,0,0,11.179999999999836,26.460000000000036,0,12.819999999999936,5,34,0.0,13.139999999999873
P168,S79,8,2016.71,0.12000000000011823,0,1,0,0,11.299999999999955,26.580000000000155,0,14.139999999999873,5,35,0.0,14.259999999999991
P168,S79,8,2016.99,0.2799999999999727,0,1,0,0,11.579999999999927,26.860000000000127,0,15.259999999999991,5,36,0.0,15.539999999999964
P168,S79,8,2017.07,0.07999999999992724,0,1,0,0,11.659999999999854,26.940000000000055,0,16.539999999999964,5,37,0.0,16.61999999999989
P168,S79,8,2017.4,0.3300000000001546,0,1,0,0,11.990000000000009,27.27000000000021,0,17.61999999999989,5,38,0.0,17.950000000000045
P168,S79,8,2017.97,0.5699999999999363,0,1,0,0,12.559999999999945,27.840000000000146,0,18.950000000000045,5,39,0.0,19.519999999999982
P168,S79,8,2018.34,0.36999999999989086,0,1,0,0,12.929999999999836,28.210000000000036,0,20.519999999999982,5,40,0.0,20.889999999999873
P168,S79,8,2018.45,0.11000000000012733,0,1,0,0,13.039999999999964,28.320000000000164,0,21.889999999999873,5,41,0.0,22.0
P168,S79,8,2018.84,0.38999999999987267,0,1,0,0,13.429999999999836,28.710000000000036,0,23.0,5,42,0.0,23.389999999999873
P168,S79,8,2019.22,0.38000000000010914,0,1,0,0,13.809999999999945,29.090000000000146,0,24.389999999999873,5,43,0.0,24.769999999999982
P168,S79,8,2020.74,1.5199999999999818,1,0,0,0,15.329999999999927,30.610000000000127,0,0.0,6,43,1.540000000000191,0.0
P168,S79,8,2021.32,0.5799999999999272,1,0,0,0,15.909999999999854,31.190000000000055,1,0.0,7,43,2.1200000000001182,0.0
P168,S79,8,2021.61,0.2899999999999636,1,0,0,0,16.199999999999818,31.480000000000018,2,0.0,8,43,2.410000000000082,0.0
P168,S79,8,2021.61,0.2899999999999636,1,0,1,0,0.0,31.769999999999982,3,0.0,0,43,0.2899999999999636,0.0
P168,S79,8,2025.84,4.230000000000018,1,0,0,0,4.230000000000018,36.0,0,0.0,1,43,0.2899999999999636,0.0
P168,S79,8,2026.82,0.9800000000000182,1,0,0,0,5.210000000000036,36.98000000000002,1,0.0,2,43,1.2699999999999818,0.0
P168,S79,8,2029.62,2.7999999999999545,0,1,0,0,8.009999999999991,39.77999999999997,0,0.0,2,44,0.0,0.0
P168,S79,8,2030.13,0.5100000000002183,0,1,0,0,8.52000000000021,40.29000000000019,0,1.0,2,45,0.0,1.5100000000002183
P168,S79,8,2030.21,0.07999999999992724,0,1,0,0,8.600000000000136,40.37000000000012,0,2.5100000000002183,2,46,0.0,2.5900000000001455
P168,S79,8,2030.69,0.4800000000000182,0,1,0,0,9.080000000000155,40.850000000000136,0,3.5900000000001455,2,47,0.0,4.070000000000164
P168,S79,8,2030.78,0.08999999999991815,0,1,0,0,9.170000000000073,40.940000000000055,0,5.070000000000164,2,48,0.0,5.160000000000082
P168,S79,8,2030.9,0.12000000000011823,0,1,0,0,9.290000000000191,41.06000000000017,0,6.160000000000082,2,49,0.0,6.2800000000002
P168,S79,8,2031.03,0.12999999999988177,0,1,0,0,9.420000000000073,41.190000000000055,0,7.2800000000002,2,50,0.0,7.410000000000082
P168,S79,8,2031.39,0.36000000000012733,0,1,0,0,9.7800000000002,41.55000000000018,0,8.410000000000082,2,51,0.0,8.77000000000021
P168,S79,8,2031.49,0.09999999999990905,0,1,0,0,9.88000000000011,41.65000000000009,0,9.77000000000021,2,52,0.0,9.870000000000118
P168,S79,8,2031.78,0.2899999999999636,0,1,0,0,10.170000000000073,41.940000000000055,0,10.870000000000118,2,53,0.0,11.160000000000082
P168,S79,8,2031.89,0.11000000000012733,0,1,0,0,10.2800000000002,42.05000000000018,0,12.160000000000082,2,54,0.0,12.27000000000021
P168,S79,8,2032.21,0.31999999999993634,0,1,0,0,10.600000000000136,42.37000000000012,0,13.27000000000021,2,55,0.0,13.590000000000146
P168,S79,8,2032.3,0.08999999999991815,0,1,0,0,10.690000000000055,42.460000000000036,0,14.590000000000146,2,56,0.0,14.680000000000064
P168,S79,8,2032.67,0.37000000000011823,0,1,0,0,11.060000000000173,42.830000000000155,0,15.680000000000064,2,57,0.0,16.050000000000182
P168,S79,8,2035.13,2.4600000000000364,1,0,0,0,13.52000000000021,45.29000000000019,0,0.0,3,57,1.2699999999999818,0.0
P168,S79,8,2035.53,0.3999999999998636,1,0,0,0,13.920000000000073,45.690000000000055,1,0.0,4,57,1.6699999999998454,0.0
P168,S79,8,2035.92,0.39000000000010004,1,0,0,0,14.310000000000173,46.080000000000155,2,0.0,5,57,2.0599999999999454,0.0
P168,S79,8,2036.35,0.4299999999998363,1,0,0,0,14.740000000000009,46.50999999999999,3,0.0,6,57,2.4899999999997817,0.0
P168,S79,8,2038.09,1.740000000000009,0,1,0,0,16.480000000000018,48.25,0,0.0,6,58,0.0,0.0
P168,S79,8,2038.39,0.3000000000001819,0,1,0,0,16.7800000000002,48.55000000000018,0,1.0,6,59,0.0,1.300000000000182
P168,S79,8,2038.48,0.08999999999991815,0,1,0,0,16.87000000000012,48.6400000000001,0,2.300000000000182,6,60,0.0,2.3900000000001
P168,S79,8,2038.69,0.21000000000003638,0,1,0,0,17.080000000000155,48.850000000000136,0,3.3900000000001,6,61,0.0,3.6000000000001364
P168,S79,8,2038.98,0.2899999999999636,0,1,0,0,17.37000000000012,49.1400000000001,0,4.600000000000136,6,62,0.0,4.8900000000001
P168,S79,8,2039.12,0.13999999999987267,0,1,0,0,17.50999999999999,49.27999999999997,0,5.8900000000001,6,63,0.0,6.029999999999973
P168,S79,8,2039.2,0.08000000000015461,0,1,0,0,17.590000000000146,49.36000000000013,0,7.029999999999973,6,64,0.0,7.110000000000127
P168,S79,8,2039.34,0.13999999999987267,0,1,0,0,17.730000000000018,49.5,0,8.110000000000127,6,65,0.0,8.25
P168,S79,8,2039.8,0.4600000000000364,0,1,0,0,18.190000000000055,49.960000000000036,0,9.25,6,66,0.0,9.710000000000036
P168,S79,8,2039.92,0.12000000000011823,0,1,0,0,18.310000000000173,50.080000000000155,0,10.710000000000036,6,67,0.0,10.830000000000155
P168,S79,8,2040.36,0.4399999999998272,0,1,0,0,18.75,50.51999999999998,0,11.830000000000155,6,68,0.0,12.269999999999982
P168,S79,8,2040.72,0.36000000000012733,0,1,0,0,19.110000000000127,50.88000000000011,0,13.269999999999982,6,69,0.0,13.63000000000011
P168,S79,8,2040.99,0.2699999999999818,0,1,0,0,19.38000000000011,51.15000000000009,0,14.63000000000011,6,70,0.0,14.900000000000091
P168,S79,8,2041.41,0.42000000000007276,0,1,0,0,19.800000000000182,51.570000000000164,0,15.900000000000091,6,71,0.0,16.320000000000164
P168,S79,8,2041.47,0.05999999999994543,0,1,0,0,19.860000000000127,51.63000000000011,0,17.320000000000164,6,72,0.0,17.38000000000011
P168,S79,8,2043.6,2.1299999999998818,1,0,0,0,21.99000000000001,53.75999999999999,0,0.0,7,72,2.4899999999997817,0.0
P168,S79,8,2043.72,0.12000000000011823,1,0,0,0,22.110000000000127,53.88000000000011,1,0.0,8,72,2.6099999999999,0.0
P168,S79,8,2043.85,0.12999999999988177,1,0,0,0,22.24000000000001,54.00999999999999,2,0.0,9,72,2.7399999999997817,0.0
P168,S79,8,2044.16,0.3100000000001728,1,0,0,0,22.550000000000182,54.320000000000164,3,0.0,10,72,3.0499999999999545,0.0
P168,S79,8,2044.24,0.07999999999992724,1,0,0,0,22.63000000000011,54.40000000000009,4,0.0,11,72,3.1299999999998818,0.0
P168,S79,8,2044.57,0.32999999999992724,1,0,0,0,22.960000000000036,54.73000000000002,5,0.0,12,72,3.459999999999809,0.0
P168,S79,8,2046.84,2.269999999999982,0,1,0,0,25.230000000000018,57.0,0,0.0,12,73,0.0,0.0
P168,S79,8,2047.02,0.18000000000006366,0,1,0,0,25.410000000000082,57.180000000000064,0,1.0,12,74,0.0,1.1800000000000637
P168,S79,8,2047.22,0.20000000000004547,0,1,0,0,25.610000000000127,57.38000000000011,0,2.1800000000000637,12,75,0.0,2.380000000000109
P168,S79,8,2047.36,0.13999999999987267,0,1,0,0,25.75,57.51999999999998,0,3.380000000000109,12,76,0.0,3.519999999999982
P168,S79,8,2047.77,0.41000000000008185,0,1,0,0,26.160000000000082,57.930000000000064,0,4.519999999999982,12,77,0.0,4.930000000000064
P168,S79,8,2048.14,0.36999999999989086,0,1,0,0,26.529999999999973,58.299999999999955,0,5.930000000000064,12,78,0.0,6.2999999999999545
P168,S79,8,2048.49,0.34999999999990905,0,1,0,0,26.87999999999988,58.649999999999864,0,7.2999999999999545,12,79,0.0,7.649999999999864
P168,S79,8,2048.6,0.11000000000012733,0,1,0,0,26.99000000000001,58.75999999999999,0,8.649999999999864,12,80,0.0,8.759999999999991
P168,S79,8,2048.71,0.11000000000012733,0,1,0,0,27.100000000000136,58.87000000000012,0,9.759999999999991,12,81,0.0,9.870000000000118
P168,S79,8,2048.78,0.07000000000016371,0,1,0,0,27.1700000000003,58.94000000000028,0,10.870000000000118,12,82,0.0,10.940000000000282
P168,S79,8,2048.88,0.09999999999990905,0,1,0,0,27.27000000000021,59.04000000000019,0,11.940000000000282,12,83,0.0,12.040000000000191
P168,S79,8,2049.23,0.34999999999990905,0,1,0,0,27.62000000000012,59.3900000000001,0,13.040000000000191,12,84,0.0,13.3900000000001
P168,S79,8,2051.33,2.099999999999909,1,0,0,0,29.720000000000027,61.49000000000001,0,0.0,13,84,3.459999999999809,0.0
P168,S79,8,2052.06,0.7300000000000182,1,0,0,0,30.450000000000045,62.22000000000003,1,0.0,14,84,4.189999999999827,0.0
P168,S79,8,2052.06,0.7300000000000182,1,0,1,0,0.0,62.950000000000045,2,0.0,0,84,0.7300000000000182,0.0
P168,S79,8,2056.89,4.829999999999927,0,1,0,0,4.829999999999927,67.77999999999997,0,0.0,0,85,0.0,0.0
P168,S79,8,2057.07,0.18000000000029104,0,1,0,0,5.010000000000218,67.96000000000026,0,1.0,0,86,0.0,1.180000000000291
P168,S79,8,2057.26,0.19000000000005457,0,1,0,0,5.200000000000273,68.15000000000032,0,2.180000000000291,0,87,0.0,2.3700000000003456
P168,S79,8,2057.37,0.10999999999967258,0,1,0,0,5.309999999999945,68.25999999999999,0,3.3700000000003456,0,88,0.0,3.480000000000018
P168,S79,8,2057.75,0.38000000000010914,0,1,0,0,5.690000000000055,68.6400000000001,0,4.480000000000018,0,89,0.0,4.860000000000127
P168,S79,8,2057.84,0.09000000000014552,0,1,0,0,5.7800000000002,68.73000000000025,0,5.860000000000127,0,90,0.0,5.950000000000273
P168,S79,8,2058.28,0.44000000000005457,0,1,0,0,6.220000000000255,69.1700000000003,0,6.950000000000273,0,91,0.0,7.390000000000327
P168,S79,8,2058.47,0.18999999999959982,0,1,0,0,6.4099999999998545,69.3599999999999,0,8.390000000000327,0,92,0.0,8.579999999999927
P168,S79,8,2058.91,0.44000000000005457,0,1,0,0,6.849999999999909,69.79999999999995,0,9.579999999999927,0,93,0.0,10.019999999999982
P168,S79,8,2058.99,0.07999999999992724,0,1,0,0,6.929999999999836,69.87999999999988,0,11.019999999999982,0,94,0.0,11.099999999999909
P168,S79,8,2059.1,0.11000000000012733,0,1,0,0,7.039999999999964,69.99000000000001,0,12.099999999999909,0,95,0.0,12.210000000000036
P168,S79,8,2059.19,0.09000000000014552,0,1,0,0,7.130000000000109,70.08000000000015,0,13.210000000000036,0,96,0.0,13.300000000000182
P168,S79,8,2059.67,0.4800000000000182,0,1,0,0,7.610000000000127,70.56000000000017,0,14.300000000000182,0,97,0.0,14.7800000000002
P168,S79,8,2059.75,0.07999999999992724,0,1,0,0,7.690000000000055,70.6400000000001,0,15.7800000000002,0,98,0.0,15.860000000000127
P168,S79,8,2060.04,0.2899999999999636,0,1,0,0,7.980000000000018,70.93000000000006,0,16.860000000000127,0,99,0.0,17.15000000000009
P168,S79,8,2060.13,0.09000000000014552,0,1,0,0,8.070000000000164,71.02000000000021,0,18.15000000000009,0,100,0.0,18.240000000000236
P168,S79,8,2060.21,0.07999999999992724,0,1,0,0,8.150000000000091,71.10000000000014,0,19.240000000000236,0,101,0.0,19.320000000000164
P168,S79,8,2060.6,0.38999999999987267,0,1,0,0,8.539999999999964,71.49000000000001,0,20.320000000000164,0,102,0.0,20.710000000000036
P168,S79,8,2060.67,0.07000000000016371,0,1,0,0,8.610000000000127,71.56000000000017,0,21.710000000000036,0,103,0.0,21.7800000000002
P168,S79,8,2060.97,0.29999999999972715,0,1,0,0,8.909999999999854,71.8599999999999,0,22.7800000000002,0,104,0.0,23.079999999999927
P168,S79,8,2061.08,0.11000000000012733,0,1,0,0,9.019999999999982,71.97000000000003,0,24.079999999999927,0,105,0.0,24.190000000000055
P168,S79,8,2061.16,0.07999999999992724,0,1,0,0,9.099999999999909,72.04999999999995,0,25.190000000000055,0,106,0.0,25.269999999999982
P168,S79,8,2061.26,0.1000000000003638,0,1,0,0,9.200000000000273,72.15000000000032,0,26.269999999999982,0,107,0.0,26.370000000000346
P168,S79,8,2061.37,0.10999999999967258,0,1,0,0,9.309999999999945,72.25999999999999,0,27.370000000000346,0,108,0.0,27.480000000000018
P168,S79,8,2063.48,2.1100000000001273,1,0,0,0,11.420000000000073,74.37000000000012,0,0.0,1,108,0.7300000000000182,0.0
P168,S79,8,2064.38,0.900000000000091,1,0,0,0,12.320000000000164,75.27000000000021,1,0.0,2,108,1.6300000000001091,0.0
P168,S79,8,2064.76,0.38000000000010914,1,0,0,0,12.700000000000273,75.65000000000032,2,0.0,3,108,2.0100000000002183,0.0
P168,S79,8,2064.86,0.09999999999990905,1,0,0,0,12.800000000000182,75.75000000000023,3,0.0,4,108,2.1100000000001273,0.0
P168,S79,8,2067.01,2.150000000000091,0,1,0,0,14.950000000000273,77.90000000000032,0,0.0,4,109,0.0,0.0
P168,S79,8,2067.25,0.23999999999978172,0,1,0,0,15.190000000000055,78.1400000000001,0,1.0,4,110,0.0,1.2399999999997817
P168,S79,8,2067.37,0.11999999999989086,0,1,0,0,15.309999999999945,78.25999999999999,0,2.2399999999997817,4,111,0.0,2.3599999999996726
P168,S79,8,2067.94,0.5700000000001637,0,1,0,0,15.88000000000011,78.83000000000015,0,3.3599999999996726,4,112,0.0,3.9299999999998363
P168,S79,8,2068.02,0.07999999999992724,0,1,0,0,15.960000000000036,78.91000000000008,0,4.929999999999836,4,113,0.0,5.0099999999997635
P168,S79,8,2068.37,0.34999999999990905,0,1,0,0,16.309999999999945,79.25999999999999,0,6.0099999999997635,4,114,0.0,6.359999999999673
P168,S79,8,2068.46,0.09000000000014552,0,1,0,0,16.40000000000009,79.35000000000014,0,7.359999999999673,4,115,0.0,7.449999999999818
P168,S79,8,2068.55,0.09000000000014552,0,1,0,0,16.490000000000236,79.44000000000028,0,8.449999999999818,4,116,0.0,8.539999999999964
P168,S79,8,2069.21,0.6599999999998545,0,1,0,0,17.15000000000009,80.10000000000014,0,9.539999999999964,4,117,0.0,10.199999999999818
P168,S79,8,2069.71,0.5,0,1,0,0,17.65000000000009,80.60000000000014,0,11.199999999999818,4,118,0.0,11.699999999999818
P168,S79,8,2069.81,0.09999999999990905,0,1,0,0,17.75,80.70000000000005,0,12.699999999999818,4,119,0.0,12.799999999999727
P168,S79,8,2070.29,0.4800000000000182,0,1,0,0,18.230000000000018,81.18000000000006,0,13.799999999999727,4,120,0.0,14.279999999999745
P168,S79,8,2070.37,0.07999999999992724,0,1,0,0,18.309999999999945,81.25999999999999,0,15.279999999999745,4,121,0.0,15.359999999999673
P168,S79,8,2070.73,0.36000000000012733,0,1,0,0,18.670000000000073,81.62000000000012,0,16.359999999999673,4,122,0.0,16.7199999999998
P168,S79,8,2070.73,0.36000000000012733,0,1,0,1,19.0300000000002,0.0,0,17.7199999999998,4,0,0.0,0.36000000000012733
P168,S79,8,2075.0,4.269999999999982,0,1,0,0,23.300000000000182,4.269999999999982,0,0.0,4,1,0.0,0.0
P168,S79,8,2075.13,0.13000000000010914,0,1,0,0,23.43000000000029,4.400000000000091,0,1.0,4,2,0.0,1.1300000000001091
P168,S79,8,2075.3,0.17000000000007276,0,1,0,0,23.600000000000364,4.570000000000164,0,2.130000000000109,4,3,0.0,2.300000000000182
P168,S79,8,2075.41,0.10999999999967258,0,1,0,0,23.710000000000036,4.679999999999836,0,3.300000000000182,4,4,0.0,3.4099999999998545
P168,S79,8,2075.63,0.22000000000025466,0,1,0,0,23.93000000000029,4.900000000000091,0,4.4099999999998545,4,5,0.0,4.630000000000109
P168,S79,8,2075.79,0.15999999999985448,0,1,0,0,24.090000000000146,5.059999999999945,0,5.630000000000109,4,6,0.0,5.789999999999964
P168,S79,8,2075.88,0.09000000000014552,0,1,0,0,24.18000000000029,5.150000000000091,0,6.789999999999964,4,7,0.0,6.880000000000109
P168,S79,8,2076.48,0.599999999999909,0,1,0,0,24.7800000000002,5.75,0,7.880000000000109,4,8,0.0,8.480000000000018
P168,S79,8,2076.57,0.09000000000014552,0,1,0,0,24.870000000000346,5.8400000000001455,0,9.480000000000018,4,9,0.0,9.570000000000164
P168,S79,8,2076.68,0.10999999999967258,0,1,0,0,24.980000000000018,5.949999999999818,0,10.570000000000164,4,10,0.0,10.679999999999836
P168,S79,8,2076.79,0.11000000000012733,0,1,0,0,25.090000000000146,6.059999999999945,0,11.679999999999836,4,11,0.0,11.789999999999964
P168,S79,8,2076.88,0.09000000000014552,0,1,0,0,25.18000000000029,6.150000000000091,0,12.789999999999964,4,12,0.0,12.88000000000011
P168,S79,8,2077.0,0.11999999999989086,0,1,0,0,25.300000000000182,6.269999999999982,0,13.88000000000011,4,13,0.0,14.0
P168,S79,8,2077.56,0.5599999999999454,0,1,0,0,25.860000000000127,6.829999999999927,0,15.0,4,14,0.0,15.559999999999945
P168,S79,8,2077.65,0.09000000000014552,0,1,0,0,25.950000000000273,6.920000000000073,0,16.559999999999945,4,15,0.0,16.65000000000009
P168,S79,8,2078.04,0.38999999999987267,0,1,0,0,26.340000000000146,7.309999999999945,0,17.65000000000009,4,16,0.0,18.039999999999964
P168,S79,8,2078.12,0.07999999999992724,0,1,0,0,26.420000000000073,7.389999999999873,0,19.039999999999964,4,17,0.0,19.11999999999989
P168,S79,8,2078.51,0.3900000000003274,0,1,0,0,26.8100000000004,7.7800000000002,0,20.11999999999989,4,18,0.0,20.51000000000022
P168,S79,8,2078.7,0.18999999999959982,0,1,0,0,27.0,7.9699999999998,0,21.51000000000022,4,19,0.0,21.699999999999818
P168,S79,8,2078.8,0.1000000000003638,0,1,0,0,27.100000000000364,8.070000000000164,0,22.699999999999818,4,20,0.0,22.800000000000182
P168,S79,8,2079.29,0.4899999999997817,0,1,0,0,27.590000000000146,8.559999999999945,0,23.800000000000182,4,21,0.0,24.289999999999964
P168,S79,8,2079.66,0.36999999999989086,0,1,0,0,27.960000000000036,8.929999999999836,0,25.289999999999964,4,22,0.0,25.659999999999854
P168,S79,8,2079.76,0.1000000000003638,0,1,0,0,28.0600000000004,9.0300000000002,0,26.659999999999854,4,23,0.0,26.76000000000022
P168,S79,8,2079.87,0.10999999999967258,0,1,0,0,28.170000000000073,9.139999999999873,0,27.76000000000022,4,24,0.0,27.86999999999989
P168,S79,8,2079.96,0.09000000000014552,0,1,0,0,28.26000000000022,9.230000000000018,0,28.86999999999989,4,25,0.0,28.960000000000036
P168,S79,8,2080.34,0.38000000000010914,0,1,0,0,28.640000000000327,9.610000000000127,0,29.960000000000036,4,26,0.0,30.340000000000146
P168,S79,8,2080.43,0.08999999999969077,0,1,0,0,28.730000000000018,9.699999999999818,0,31.340000000000146,4,27,0.0,31.429999999999836
P168,S79,8,2080.72,0.2899999999999636,0,1,0,0,29.019999999999982,9.989999999999782,0,32.429999999999836,4,28,0.0,32.7199999999998
P168,S79,8,2080.8,0.08000000000038199,0,1,0,0,29.100000000000364,10.070000000000164,0,33.7199999999998,4,29,0.0,33.80000000000018
P168,S79,8,2081.19,0.38999999999987267,0,1,0,0,29.490000000000236,10.460000000000036,0,34.80000000000018,4,30,0.0,35.190000000000055
P168,S79,8,2081.53,0.3400000000001455,0,1,0,0,29.830000000000382,10.800000000000182,0,36.190000000000055,4,31,0.0,36.5300000000002
P168,S79,8,2081.61,0.07999999999992724,0,1,0,0,29.91000000000031,10.88000000000011,0,37.5300000000002,4,32,0.0,37.61000000000013
P168,S79,8,2082.0,0.38999999999987267,0,1,0,0,30.300000000000182,11.269999999999982,0,38.61000000000013,4,33,0.0,39.0
P168,S79,8,2084.23,2.230000000000018,1,0,0,0,32.5300000000002,13.5,0,0.0,5,33,0.0,0.0
P168,S79,8,2084.56,0.32999999999992724,1,0,0,0,32.86000000000013,13.829999999999927,1,0.0,6,33,0.32999999999992724,0.0
P168,S79,8,2084.66,0.09999999999990905,1,0,0,0,32.960000000000036,13.929999999999836,2,0.0,7,33,0.4299999999998363,0.0
P168,S79,8,2084.98,0.3200000000001637,1,0,0,0,33.2800000000002,14.25,3,0.0,8,33,0.75,0.0
P168,S79,8,2085.07,0.09000000000014552,1,0,0,0,33.370000000000346,14.340000000000146,4,0.0,9,33,0.8400000000001455,0.0
P168,S79,8,2085.79,0.7199999999997999,1,0,0,0,34.090000000000146,15.059999999999945,5,0.0,10,33,1.5599999999999454,0.0
P168,S79,8,2087.61,1.8200000000001637,0,1,0,0,35.91000000000031,16.88000000000011,0,0.0,10,34,0.0,0.0
P168,S79,8,2087.75,0.13999999999987267,0,1,0,0,36.05000000000018,17.019999999999982,0,1.0,10,35,0.0,1.1399999999998727
P168,S79,8,2087.95,0.1999999999998181,0,1,0,0,36.25,17.2199999999998,0,2.1399999999998727,10,36,0.0,2.3399999999996908
P168,S79,8,2088.3,0.3500000000003638,0,1,0,0,36.600000000000364,17.570000000000164,0,3.3399999999996908,10,37,0.0,3.6900000000000546
P168,S79,8,2088.37,0.06999999999970896,0,1,0,0,36.67000000000007,17.639999999999873,0,4.690000000000055,10,38,0.0,4.7599999999997635
P168,S79,8,2088.75,0.38000000000010914,0,1,0,0,37.05000000000018,18.019999999999982,0,5.7599999999997635,10,39,0.0,6.139999999999873
P168,S79,8,2089.1,0.34999999999990905,0,1,0,0,37.40000000000009,18.36999999999989,0,7.139999999999873,10,40,0.0,7.489999999999782
P168,S79,8,2089.18,0.07999999999992724,0,1,0,0,37.48000000000002,18.449999999999818,0,8.489999999999782,10,41,0.0,8.569999999999709
P168,S79,8,2089.62,0.44000000000005457,0,1,0,0,37.92000000000007,18.889999999999873,0,9.569999999999709,10,42,0.0,10.009999999999764
P168,S79,8,2089.71,0.09000000000014552,0,1,0,0,38.01000000000022,18.980000000000018,0,11.009999999999764,10,43,0.0,11.099999999999909
P168,S79,8,2090.08,0.36999999999989086,0,1,0,0,38.38000000000011,19.34999999999991,0,12.099999999999909,10,44,0.0,12.4699999999998
P168,S79,8,2090.14,0.05999999999994543,0,1,0,0,38.440000000000055,19.409999999999854,0,13.4699999999998,10,45,0.0,13.529999999999745
P168,S79,8,2091.13,0.9900000000002365,0,1,0,0,39.43000000000029,20.40000000000009,0,14.529999999999745,10,46,0.0,15.519999999999982
P168,S79,8,2091.94,0.8099999999999454,0,1,0,0,40.24000000000024,21.210000000000036,0,16.519999999999982,10,47,0.0,17.329999999999927
P168,S79,8,2092.08,0.13999999999987267,0,1,0,0,40.38000000000011,21.34999999999991,0,18.329999999999927,10,48,0.0,18.4699999999998
P168,S79,8,2092.29,0.21000000000003638,0,1,0,0,40.590000000000146,21.559999999999945,0,19.4699999999998,10,49,0.0,19.679999999999836
P168,S79,8,2092.8,0.5100000000002183,0,1,0,0,41.100000000000364,22.070000000000164,0,20.679999999999836,10,50,0.0,21.190000000000055
P168,S79,8,2092.88,0.07999999999992724,0,1,0,0,41.18000000000029,22.15000000000009,0,22.190000000000055,10,51,0.0,22.269999999999982
P168,S79,8,2093.18,0.29999999999972715,0,1,0,0,41.48000000000002,22.449999999999818,0,23.269999999999982,10,52,0.0,23.56999999999971
P168,S79,8,2093.35,0.17000000000007276,0,1,0,0,41.65000000000009,22.61999999999989,0,24.56999999999971,10,53,0.0,24.73999999999978
P168,S79,8,2093.45,0.09999999999990905,0,1,0,0,41.75,22.7199999999998,0,25.73999999999978,10,54,0.0,25.83999999999969
P168,S79,8,2095.27,1.8200000000001637,1,0,0,0,43.570000000000164,24.539999999999964,0,0.0,11,54,1.5599999999999454,0.0
P168,S79,8,2095.61,0.3400000000001455,1,0,0,0,43.91000000000031,24.88000000000011,1,0.0,12,54,1.900000000000091,0.0
P168,S79,8,2096.41,0.7999999999997272,1,0,0,0,44.710000000000036,25.679999999999836,2,0.0,13,54,2.699999999999818,0.0
P168,S79,8,2096.52,0.11000000000012733,1,0,0,0,44.820000000000164,25.789999999999964,3,0.0,14,54,2.8099999999999454,0.0
P168,S79,8,2103.84,7.320000000000164,1,0,0,0,52.14000000000033,33.11000000000013,4,0.0,15,54,10.13000000000011,0.0
P168,S79,8,2104.2,0.3599999999996726,1,0,0,0,52.5,33.4699999999998,5,0.0,16,54,10.489999999999782,0.0
P168,S79,8,2106.17,1.9700000000002547,0,1,0,0,54.470000000000255,35.440000000000055,0,0.0,16,55,0.0,0.0
P168,S79,8,2106.5,0.32999999999992724,0,1,0,0,54.80000000000018,35.76999999999998,0,1.0,16,56,0.0,1.3299999999999272
P168,S79,8,2106.61,0.11000000000012733,0,1,0,0,54.91000000000031,35.88000000000011,0,2.3299999999999272,16,57,0.0,2.4400000000000546
P168,S79,8,2107.17,0.5599999999999454,0,1,0,0,55.470000000000255,36.440000000000055,0,3.4400000000000546,16,58,0.0,4.0
P168,S79,8,2107.29,0.11999999999989086,0,1,0,0,55.590000000000146,36.559999999999945,0,5.0,16,59,0.0,5.119999999999891
P168,S79,8,2107.6,0.30999999999994543,0,1,0,0,55.90000000000009,36.86999999999989,0,6.119999999999891,16,60,0.0,6.429999999999836
P168,S79,8,2107.6,0.30999999999994543,0,1,0,1,56.210000000000036,0.0,0,7.429999999999836,16,0,0.0,0.30999999999994543
P168,S79,8,2112.89,5.289999999999964,0,1,0,0,61.5,5.289999999999964,0,0.0,16,1,0.0,0.0
P168,S79,8,2112.97,0.07999999999992724,0,1,0,0,61.57999999999993,5.369999999999891,0,1.0,16,2,0.0,1.0799999999999272
P168,S79,8,2113.28,0.3100000000004002,0,1,0,0,61.89000000000033,5.680000000000291,0,2.0799999999999272,16,3,0.0,2.3900000000003274
P168,S79,8,2113.28,0.3100000000004002,0,1,0,1,62.20000000000073,0.0,0,3.3900000000003274,16,0,0.0,0.3100000000004002
